country_region_code,country_region,sub_region_1,sub_region_2,metro_area,iso_3166_2_code,census_fips_code,date,retail_and_recreation_percent_change_from_baseline,grocery_and_pharmacy_percent_change_from_baseline,parks_percent_change_from_baseline,transit_stations_percent_change_from_baseline,workplaces_percent_change_from_baseline,residential_percent_change_from_baseline
GW,Guinea-Bissau,,,,,,2020-02-15,-1,,,,4,
GW,Guinea-Bissau,,,,,,2020-02-16,-2,,,,-1,
GW,Guinea-Bissau,,,,,,2020-02-17,-7,,,,-1,
GW,Guinea-Bissau,,,,,,2020-02-18,1,-2,,,1,
GW,Guinea-Bissau,,,,,,2020-02-19,-7,,,,3,
GW,Guinea-Bissau,,,,,,2020-02-20,9,,,,4,
GW,Guinea-Bissau,,,,,,2020-02-21,3,2,-17,,1,
GW,Guinea-Bissau,,,,,,2020-02-22,-7,,,,-4,
GW,Guinea-Bissau,,,,,,2020-02-23,-4,,,,0,
GW,Guinea-Bissau,,,,,,2020-02-24,-15,,,,-17,
GW,Guinea-Bissau,,,,,,2020-02-25,-19,2,,,-43,
GW,Guinea-Bissau,,,,,,2020-02-26,-18,-2,-12,,-17,
GW,Guinea-Bissau,,,,,,2020-02-27,-4,,,,-4,
GW,Guinea-Bissau,,,,,,2020-02-28,-2,8,-6,,3,
GW,Guinea-Bissau,,,,,,2020-02-29,-8,,,,8,
GW,Guinea-Bissau,,,,,,2020-03-01,-2,,,,5,
GW,Guinea-Bissau,,,,,,2020-03-02,-7,,,,-5,
GW,Guinea-Bissau,,,,,,2020-03-03,-8,2,,,-4,
GW,Guinea-Bissau,,,,,,2020-03-04,-8,,-12,,4,
GW,Guinea-Bissau,,,,,,2020-03-05,1,,,,6,
GW,Guinea-Bissau,,,,,,2020-03-06,-3,4,-11,,6,
GW,Guinea-Bissau,,,,,,2020-03-07,-9,,,,1,
GW,Guinea-Bissau,,,,,,2020-03-08,-9,,,,1,
GW,Guinea-Bissau,,,,,,2020-03-09,-22,,,,-35,
GW,Guinea-Bissau,,,,,,2020-03-10,-23,,,,2,
GW,Guinea-Bissau,,,,,,2020-03-11,-16,,,,6,
GW,Guinea-Bissau,,,,,,2020-03-12,-13,,-7,,3,
GW,Guinea-Bissau,,,,,,2020-03-13,-18,8,-13,,1,
GW,Guinea-Bissau,,,,,,2020-03-14,-28,,,,-3,
GW,Guinea-Bissau,,,,,,2020-03-15,-22,,,,-7,
GW,Guinea-Bissau,,,,,,2020-03-16,-29,,,,-3,
GW,Guinea-Bissau,,,,,,2020-03-17,-27,,,,-3,
GW,Guinea-Bissau,,,,,,2020-03-18,-30,,-14,,-3,
GW,Guinea-Bissau,,,,,,2020-03-19,-44,,-14,,-15,
GW,Guinea-Bissau,,,,,,2020-03-20,-34,4,-19,,-16,
GW,Guinea-Bissau,,,,,,2020-03-21,-37,-16,,,-13,
GW,Guinea-Bissau,,,,,,2020-03-22,-46,,,,-17,
GW,Guinea-Bissau,,,,,,2020-03-23,-39,,,,-14,
GW,Guinea-Bissau,,,,,,2020-03-24,-48,-11,,,-17,
GW,Guinea-Bissau,,,,,,2020-03-25,-42,-2,,,-21,
GW,Guinea-Bissau,,,,,,2020-03-26,-46,-20,-21,,-38,
GW,Guinea-Bissau,,,,,,2020-03-27,-50,-43,-21,,-36,
GW,Guinea-Bissau,,,,,,2020-03-28,-58,-11,-25,,-28,
GW,Guinea-Bissau,,,,,,2020-03-29,-50,,,,-27,
GW,Guinea-Bissau,,,,,,2020-03-30,-57,-26,,,-37,
GW,Guinea-Bissau,,,,,,2020-03-31,-61,-51,-22,,-46,
GW,Guinea-Bissau,,,,,,2020-04-01,-54,-39,-19,,-38,
GW,Guinea-Bissau,,,,,,2020-04-02,-50,-14,-19,,-39,
GW,Guinea-Bissau,,,,,,2020-04-03,-50,-27,-30,,-40,
GW,Guinea-Bissau,,,,,,2020-04-04,-57,-17,,,-24,
GW,Guinea-Bissau,,,,,,2020-04-05,-64,,,,-25,
GW,Guinea-Bissau,,,,,,2020-04-06,,,-26,,-41,
GW,Guinea-Bissau,,,,,,2020-04-07,,,-20,,-41,
GW,Guinea-Bissau,,,,,,2020-04-08,,,-31,,-39,
GW,Guinea-Bissau,,,,,,2020-04-09,,,-28,,-38,
GW,Guinea-Bissau,,,,,,2020-04-10,,,-34,,-47,
GW,Guinea-Bissau,,,,,,2020-04-11,,,,,-21,
GW,Guinea-Bissau,,,,,,2020-04-12,,,,,-21,
GW,Guinea-Bissau,,,,,,2020-04-13,,,,,-51,
GW,Guinea-Bissau,,,,,,2020-04-14,,,,,-38,
GW,Guinea-Bissau,,,,,,2020-04-15,,,-14,,-34,
GW,Guinea-Bissau,,,,,,2020-04-16,,,-14,,-31,
GW,Guinea-Bissau,,,,,,2020-04-17,,,-28,,-29,
GW,Guinea-Bissau,,,,,,2020-04-18,,,,,-16,
GW,Guinea-Bissau,,,,,,2020-04-19,,,,,-13,
GW,Guinea-Bissau,,,,,,2020-04-20,,,,,-30,
GW,Guinea-Bissau,,,,,,2020-04-21,,,-22,,-32,
GW,Guinea-Bissau,,,,,,2020-04-22,,,-24,,-30,
GW,Guinea-Bissau,,,,,,2020-04-23,,,-26,,-29,
GW,Guinea-Bissau,,,,,,2020-04-24,,,-25,,-32,
GW,Guinea-Bissau,,,,,,2020-04-25,,,,,-17,
GW,Guinea-Bissau,,,,,,2020-04-26,,,,,-12,
GW,Guinea-Bissau,,,,,,2020-04-27,,,,,-31,
GW,Guinea-Bissau,,,,,,2020-04-28,,,-19,,-29,
GW,Guinea-Bissau,,,,,,2020-04-29,,,-17,,-28,
GW,Guinea-Bissau,,,,,,2020-04-30,,,-16,,-27,
GW,Guinea-Bissau,,,,,,2020-05-01,,,-23,,-49,
GW,Guinea-Bissau,,,,,,2020-05-02,,,,,-15,
GW,Guinea-Bissau,,,,,,2020-05-03,,,,,-12,
GW,Guinea-Bissau,,,,,,2020-05-04,,,,,-27,
GW,Guinea-Bissau,,,,,,2020-05-05,,,-17,,-30,
GW,Guinea-Bissau,,,,,,2020-05-06,,,-16,,-29,
GW,Guinea-Bissau,,,,,,2020-05-07,,,-14,,-29,
GW,Guinea-Bissau,,,,,,2020-05-08,,,-23,,-28,
GW,Guinea-Bissau,,,,,,2020-05-09,,,-14,,-14,
GW,Guinea-Bissau,,,,,,2020-05-10,,,,,-7,
GW,Guinea-Bissau,,,,,,2020-05-11,,,,,-32,
GW,Guinea-Bissau,,,,,,2020-05-12,,,-15,,-30,
GW,Guinea-Bissau,,,,,,2020-05-13,,,-27,,-29,
GW,Guinea-Bissau,,,,,,2020-05-14,,,-18,,-29,
GW,Guinea-Bissau,,,,,,2020-05-15,-50,,-22,,-29,
GW,Guinea-Bissau,,,,,,2020-05-16,,,-21,,-7,
GW,Guinea-Bissau,,,,,,2020-05-17,,,,,-7,
GW,Guinea-Bissau,,,,,,2020-05-18,,,-25,,-26,
GW,Guinea-Bissau,,,,,,2020-05-19,,,,,-29,
GW,Guinea-Bissau,,,,,,2020-05-20,-48,,-17,,-29,
GW,Guinea-Bissau,,,,,,2020-05-21,,,,,-27,
GW,Guinea-Bissau,,,,,,2020-05-22,,,-13,,-23,
GW,Guinea-Bissau,,,,,,2020-05-23,,,-8,,-5,
GW,Guinea-Bissau,,,,,,2020-05-24,,,,,-9,
GW,Guinea-Bissau,,,,,,2020-05-25,,,,,-45,
GW,Guinea-Bissau,,,,,,2020-05-26,,,,,-25,
GW,Guinea-Bissau,,,,,,2020-05-27,,,,,-19,
GW,Guinea-Bissau,,,,,,2020-05-28,,,-8,,-19,
GW,Guinea-Bissau,,,,,,2020-05-29,,,-9,,-16,
GW,Guinea-Bissau,,,,,,2020-05-30,,,-8,,-2,
GW,Guinea-Bissau,,,,,,2020-05-31,,,,,-3,
GW,Guinea-Bissau,,,,,,2020-06-01,,,,,-19,
GW,Guinea-Bissau,,,,,,2020-06-02,,,,,-18,
GW,Guinea-Bissau,,,,,,2020-06-03,,,,,-15,
GW,Guinea-Bissau,,,,,,2020-06-04,,,-8,,-12,
GW,Guinea-Bissau,,,,,,2020-06-05,,,-2,,-13,
GW,Guinea-Bissau,,,,,,2020-06-06,,,-11,,2,
GW,Guinea-Bissau,,,,,,2020-06-07,,,,,7,
GW,Guinea-Bissau,,,,,,2020-06-08,,,,,-16,
GW,Guinea-Bissau,,,,,,2020-06-09,,,,,-13,
GW,Guinea-Bissau,,,,,,2020-06-10,,,,,-13,
GW,Guinea-Bissau,,,,,,2020-06-11,,,,,-12,
GW,Guinea-Bissau,,,,,,2020-06-12,,,-10,,-11,
GW,Guinea-Bissau,,,,,,2020-06-13,,,-12,,-5,
GW,Guinea-Bissau,,,,,,2020-06-14,,,,,8,
GW,Guinea-Bissau,,,,,,2020-06-15,,,,,-13,
GW,Guinea-Bissau,,,,,,2020-06-16,,,,,-17,
GW,Guinea-Bissau,,,,,,2020-06-17,,,,,-16,
GW,Guinea-Bissau,,,,,,2020-06-18,,,-9,,-18,
GW,Guinea-Bissau,,,,,,2020-06-19,,,-16,,-13,
GW,Guinea-Bissau,,,,,,2020-06-20,,,-15,,-4,
GW,Guinea-Bissau,,,,,,2020-06-21,,,,,5,
GW,Guinea-Bissau,,,,,,2020-06-22,,,,,-16,
GW,Guinea-Bissau,,,,,,2020-06-23,,,,,-17,
GW,Guinea-Bissau,,,,,,2020-06-24,,,,,-14,
GW,Guinea-Bissau,,,,,,2020-06-25,,,-18,,-21,
GW,Guinea-Bissau,,,,,,2020-06-26,,,-15,,-12,
GW,Guinea-Bissau,,,,,,2020-06-27,,,-19,,-9,
GW,Guinea-Bissau,,,,,,2020-06-28,,,,,5,
GW,Guinea-Bissau,,,,,,2020-06-29,,,,,-16,
GW,Guinea-Bissau,,,,,,2020-06-30,,,,,-15,
GW,Guinea-Bissau,,,,,,2020-07-01,,,,,-11,
GW,Guinea-Bissau,,,,,,2020-07-02,,,-6,,-15,
GW,Guinea-Bissau,,,,,,2020-07-03,,,-8,,-11,
GW,Guinea-Bissau,,,,,,2020-07-04,,,-6,,3,
GW,Guinea-Bissau,,,,,,2020-07-05,,,,,3,
GW,Guinea-Bissau,,,,,,2020-07-06,,,,,-16,
GW,Guinea-Bissau,,,,,,2020-07-07,,,,,-17,
GW,Guinea-Bissau,,,,,,2020-07-08,,,,,-15,
GW,Guinea-Bissau,,,,,,2020-07-09,,,-8,,-13,
GW,Guinea-Bissau,,,,,,2020-07-10,,,-8,,-11,
GW,Guinea-Bissau,,,,,,2020-07-11,,,-13,,-5,
GW,Guinea-Bissau,,,,,,2020-07-12,,,,,-3,
GW,Guinea-Bissau,,,,,,2020-07-13,,,,,-15,
GW,Guinea-Bissau,,,,,,2020-07-14,,,,,-16,
GW,Guinea-Bissau,,,,,,2020-07-15,,,,,-15,
GW,Guinea-Bissau,,,,,,2020-07-16,,,-13,,-13,
GW,Guinea-Bissau,,,,,,2020-07-17,,,-21,,-22,
GW,Guinea-Bissau,,,,,,2020-07-18,,,-13,,-2,
GW,Guinea-Bissau,,,,,,2020-07-19,,,,,-4,
GW,Guinea-Bissau,,,,,,2020-07-20,,,,,-13,
GW,Guinea-Bissau,,,,,,2020-07-21,,,,,-15,
GW,Guinea-Bissau,,,,,,2020-07-22,,,,,-13,
GW,Guinea-Bissau,,,,,,2020-07-23,,,-9,,-18,
GW,Guinea-Bissau,,,,,,2020-07-24,,,-13,,-14,
GW,Guinea-Bissau,,,,,,2020-07-25,,,,,0,
GW,Guinea-Bissau,,,,,,2020-07-26,,,,,4,
GW,Guinea-Bissau,,,,,,2020-07-27,,,,,-13,
GW,Guinea-Bissau,,,,,,2020-07-28,,,,,-17,
GW,Guinea-Bissau,,,,,,2020-07-29,,,,,-17,
GW,Guinea-Bissau,,,,,,2020-07-30,,,,,-22,
GW,Guinea-Bissau,,,,,,2020-07-31,,,-6,,-56,
GW,Guinea-Bissau,,,,,,2020-08-01,,,,,-18,
GW,Guinea-Bissau,,,,,,2020-08-02,,,,,-11,
GW,Guinea-Bissau,,,,,,2020-08-03,,,,,-45,
GW,Guinea-Bissau,,,,,,2020-08-04,,,,,-26,
GW,Guinea-Bissau,,,,,,2020-08-05,,,,,-17,
GW,Guinea-Bissau,,,,,,2020-08-06,,,,,-15,
GW,Guinea-Bissau,,,,,,2020-08-07,,,-10,,-12,
GW,Guinea-Bissau,,,,,,2020-08-08,,,,,3,
GW,Guinea-Bissau,,,,,,2020-08-09,,,,,-5,
GW,Guinea-Bissau,,,,,,2020-08-10,,,,,-16,
GW,Guinea-Bissau,,,,,,2020-08-11,,,,,-14,
GW,Guinea-Bissau,,,,,,2020-08-12,,,,,-13,
GW,Guinea-Bissau,,,,,,2020-08-13,,,,,-14,
GW,Guinea-Bissau,,,,,,2020-08-14,,,-7,,-23,
GW,Guinea-Bissau,,,,,,2020-08-15,,,-5,,-7,
GW,Guinea-Bissau,,,,,,2020-08-16,,,,,3,
GW,Guinea-Bissau,,,,,,2020-09-11,,,-5,,-19,
GW,Guinea-Bissau,,,,,,2020-09-12,,,-7,,-5,
GW,Guinea-Bissau,,,,,,2020-09-13,,,,,-7,
GW,Guinea-Bissau,,,,,,2020-09-14,,,,,-12,
GW,Guinea-Bissau,,,,,,2020-09-15,,,,,-14,
GW,Guinea-Bissau,,,,,,2020-09-16,,,,,-13,
GW,Guinea-Bissau,,,,,,2020-09-17,,,,,-14,
GW,Guinea-Bissau,,,,,,2020-09-18,,,-13,,-17,
GW,Guinea-Bissau,,,,,,2020-09-19,,,-2,,-8,
GW,Guinea-Bissau,,,,,,2020-09-20,,,,,-7,
GW,Guinea-Bissau,,,,,,2020-09-21,,,,,-18,
GW,Guinea-Bissau,,,,,,2020-09-22,,,,,-18,
GW,Guinea-Bissau,,,,,,2020-09-23,,,,,-22,
GW,Guinea-Bissau,,,,,,2020-09-24,,,,,-66,
GW,Guinea-Bissau,,,,,,2020-09-25,,,-7,,-25,
GW,Guinea-Bissau,,,,,,2020-09-26,,,,,-17,
GW,Guinea-Bissau,,,,,,2020-09-27,,,,,-19,
GW,Guinea-Bissau,,,,,,2020-09-28,,,,,-17,
GW,Guinea-Bissau,,,,,,2020-09-29,,,,,-23,
GW,Guinea-Bissau,,,,,,2020-09-30,,,-12,,-34,
GW,Guinea-Bissau,,,,,,2020-10-01,,,,,-32,
GW,Guinea-Bissau,,,,,,2020-10-02,,,-17,,-31,
GW,Guinea-Bissau,,,,,,2020-10-03,,,-15,,-31,
GW,Guinea-Bissau,,,,,,2020-10-04,,,,,-40,
GW,Guinea-Bissau,,,,,,2020-10-05,,,,,-31,
GW,Guinea-Bissau,,,,,,2020-10-06,,,,,-29,
GW,Guinea-Bissau,,,,,,2020-10-07,,,-21,,-26,
GW,Guinea-Bissau,,,,,,2020-10-08,,,-19,,-22,
GW,Guinea-Bissau,,,,,,2020-10-09,,,-20,,-18,
GW,Guinea-Bissau,,,,,,2020-10-10,,,-15,,-20,
GW,Guinea-Bissau,,,,,,2020-10-11,,,,,-28,
GW,Guinea-Bissau,,,,,,2020-10-12,,,,,-23,
GW,Guinea-Bissau,,,,,,2020-10-13,,,-18,,-20,
GW,Guinea-Bissau,,,,,,2020-10-14,,,,,-17,
GW,Guinea-Bissau,,,,,,2020-10-15,,,-21,,-20,
GW,Guinea-Bissau,,,,,,2020-10-16,,,-23,,-24,
GW,Guinea-Bissau,,,,,,2020-10-17,,,-26,,-20,
GW,Guinea-Bissau,,,,,,2020-10-18,,,,,-30,
GW,Guinea-Bissau,,,,,,2020-10-19,,,,,-21,
GW,Guinea-Bissau,,,,,,2020-10-20,,,-20,,-23,
GW,Guinea-Bissau,,,,,,2020-10-21,,,-16,,-16,
GW,Guinea-Bissau,,,,,,2020-10-22,,,-20,,-18,
GW,Guinea-Bissau,,,,,,2020-10-23,,,-33,,-20,
GW,Guinea-Bissau,,,,,,2020-10-24,,,-28,,-19,
GW,Guinea-Bissau,,,,,,2020-10-25,,,,,-32,
GW,Guinea-Bissau,,,,,,2020-10-26,,,,,-18,
GW,Guinea-Bissau,,,,,,2020-10-27,,,-16,,-20,
GW,Guinea-Bissau,,,,,,2020-10-28,,,-23,,-22,
GW,Guinea-Bissau,,,,,,2020-10-29,,,-24,,-22,
GW,Guinea-Bissau,,,,,,2020-10-30,,,-34,,-19,
GW,Guinea-Bissau,,,,,,2020-10-31,,,-32,,-28,
GW,Guinea-Bissau,,,,,,2020-11-01,,,,,-39,
GW,Guinea-Bissau,,,,,,2020-11-02,,,-37,,-61,
GW,Guinea-Bissau,,,,,,2020-11-03,,,-28,,-23,
GW,Guinea-Bissau,,,,,,2020-11-04,,,-27,,-22,
GW,Guinea-Bissau,,,,,,2020-11-05,,,-16,,-21,
GW,Guinea-Bissau,,,,,,2020-11-06,,,-22,,-19,
GW,Guinea-Bissau,,,,,,2020-11-07,,,-26,,-23,
GW,Guinea-Bissau,,,,,,2020-11-08,,,,,-34,
GW,Guinea-Bissau,,,,,,2020-11-09,,,,,-20,
GW,Guinea-Bissau,,,,,,2020-11-10,,,,,-20,
GW,Guinea-Bissau,,,,,,2020-11-11,,,-13,,-21,
GW,Guinea-Bissau,,,,,,2020-11-12,,,-25,,-19,
GW,Guinea-Bissau,,,,,,2020-11-13,,,-19,,-19,
GW,Guinea-Bissau,,,,,,2020-11-14,,,-19,,-27,
GW,Guinea-Bissau,,,,,,2020-11-15,,,,,-34,
GW,Guinea-Bissau,,,,,,2020-11-16,,,,,-48,
GW,Guinea-Bissau,,,,,,2020-11-17,,,-17,,-18,
GW,Guinea-Bissau,,,,,,2020-11-18,,,-12,,-17,
GW,Guinea-Bissau,,,,,,2020-11-19,,,-24,,-20,
GW,Guinea-Bissau,,,,,,2020-11-20,,,-18,,-21,
GW,Guinea-Bissau,,,,,,2020-11-21,,,-14,,-26,
GW,Guinea-Bissau,,,,,,2020-11-22,,,,,-36,
GW,Guinea-Bissau,,,,,,2020-11-23,,,,,-16,
GW,Guinea-Bissau,,,,,,2020-11-24,,,,,-16,
GW,Guinea-Bissau,,,,,,2020-11-25,,,,,-12,
GW,Guinea-Bissau,,,,,,2020-11-26,,,-7,,-14,
GW,Guinea-Bissau,,,,,,2020-11-27,,,-22,,-16,
GW,Guinea-Bissau,,,,,,2020-11-28,,,-11,,-23,
GW,Guinea-Bissau,,,,,,2020-11-29,,,,,-33,
GW,Guinea-Bissau,,,,,,2020-11-30,,,,,-14,
GW,Guinea-Bissau,,,,,,2020-12-01,,,,,-17,
GW,Guinea-Bissau,,,,,,2020-12-02,,,-14,,-15,
GW,Guinea-Bissau,,,,,,2020-12-03,,,-15,,-15,
GW,Guinea-Bissau,,,,,,2020-12-04,,,-27,,-14,
GW,Guinea-Bissau,,,,,,2020-12-05,,,-19,,-21,
GW,Guinea-Bissau,,,,,,2020-12-06,,,,,-30,
GW,Guinea-Bissau,,,,,,2020-12-07,,,,,-16,
GW,Guinea-Bissau,,,,,,2020-12-08,,,-18,,-14,
GW,Guinea-Bissau,,,,,,2020-12-09,,,,,-12,
GW,Guinea-Bissau,,,,,,2020-12-10,,,,,-12,
GW,Guinea-Bissau,,,,,,2020-12-11,,,-13,,-14,
GW,Guinea-Bissau,,,,,,2020-12-12,,,-17,,-27,
GW,Guinea-Bissau,,,,,,2020-12-13,,,,,-45,
GW,Guinea-Bissau,,,,,,2020-12-14,,,,,-26,
GW,Guinea-Bissau,,,,,,2020-12-15,,,,,-18,
GW,Guinea-Bissau,,,,,,2020-12-16,,,,,-19,
GW,Guinea-Bissau,,,,,,2020-12-17,,,-12,,-17,
GW,Guinea-Bissau,,,,,,2020-12-18,,,-20,,-19,
GW,Guinea-Bissau,,,,,,2020-12-19,,,-13,,-27,
GW,Guinea-Bissau,,,,,,2020-12-20,,,,,-33,
GW,Guinea-Bissau,,,,,,2020-12-21,,,,,-22,
GW,Guinea-Bissau,,,,,,2020-12-22,,,,,-23,
GW,Guinea-Bissau,,,,,,2020-12-23,,,-17,,-30,
GW,Guinea-Bissau,,,,,,2020-12-24,,,-17,,-45,
GW,Guinea-Bissau,,,,,,2020-12-25,,,-31,,-68,
